g200,200
g201,201
g202,202
g203,203
g204,204
g205,205
g206,206
g207,207
g208,208
g209,209
g210,210
g211,211
g212,212
g213,213
g214,214
g215,215
g216,216
g217,217
g218,218
g219,219
g220,220
g221,221
g222,222
g223,223
g224,224
g225,225
g226,226
g227,227
g228,228
g229,229
g230,230
g231,231
g232,232
g233,233
g234,234
g235,235
g236,236
g237,237
g238,238
g239,239
g240,240
g241,241
g242,242
g243,243
g244,244
g245,245
g246,246
g247,247
g248,248
g249,249
g250,250
g251,251
g252,252
g253,253
g254,254
g255,255
g256,256
g257,257
g258,258
g259,259
g260,260
g261,261
g262,262
g263,263
g264,264
g265,265
g266,266
g267,267
g268,268
g269,269
g270,270
g271,271
g272,272
g273,273
g274,274
g275,275
g276,276
g277,277
g278,278
g279,279
g280,280
g281,281
g282,282
g283,283
g284,284
g285,285
g286,286
g287,287
g288,288
g289,289
g290,290
g291,291
g292,292
g293,293
g294,294
g295,295
g296,296
g297,297
g298,298
g299,299
